venta_volumen,periodo,inv_META,inv_TIK TOK,inv_TV,inv_YOUTUBE,inv_RADIO_TOTAL,inv_promociones_consumidor_moderno,inv_promociones_consumidor_tradicional,pvpkilos_var_per_20_semanas,dif_vol_lag3,tradicional_var_per_ppk_OTROS,moderno_var_abs_ppk_OTROS_var_per_16_semanas,tasa_desempleo_lima_prom3meses_movil,ipc_lima_var_12meses,tradicional_var_abs_ppk_INDUSTRIAS DEL ESPINO_var_per_12_semanas,tradicional_perc_ventas_alicorp_compe_soles_var_per_8_semanas,ipc_lima_var_mes,tradicional_perc_ventas_alicorp_compe_soles_var_per_24_semanas,tradicional_var_abs_ppk_INDUSTRIAS DEL ESPINO_var_per_24_semanas,tradicional_perc_ventas_alicorp_compe_soles_var_per_16_semanas,moderno_var_abs_ppk_GRUPO_CALA,moderno_var_abs_ppk_OTROS_var_per_8_semanas,tradicional_perc_ventas_alicorp_compe_soles_var_per_12_semanas,dif_vol_lag1,vol_lag1,pbi_real_base_2007,num_dias_festivos,tradicional_var_abs_ppk_INDUSTRIAS DEL ESPINO_var_per_8_semanas,tradicional_var_per_ppk_OTROS_var_per_4_semanas,tradicional_perc_ventas_alicorp_compe_kilos_var_per_4_semanas,tradicional_var_abs_ppk_INDUSTRIAS DEL ESPINO_var_per_4_semanas,tradicional_var_abs_ppk_OTROS_var_per_16_semanas,moderno_var_abs_ppk_MARCAS_PROPIAS_var_per_4_semanas,num_dias_feriados,moderno_perc_ventas_alicorp_compe_kilos_var_per_4_semanas,moderno_var_abs_ppk_GRUPO_CALA_var_per_8_semanas,moderno_var_per_ppk_MARCAS_PROPIAS_var_per_4_semanas,pvpkilos_var_per_4_semanas
165150.08000000002,2022-01-30,0.0,0.0,0.0,0.0,0.0,0.0,0.0,0.07472067039106145,32157.080000000016,0.3034923353339246,-0.4535946092850748,8.6177731,5.684916594,0.12222335450888777,-0.15394747312727364,0.037268,-0.17448400705462785,0.08227093728475499,-0.12118255481206763,-1.4257142857142853,0.0,0.23845021745908457,59720.18000000002,105429.9,165.4220117,0,-0.03608452869593293,0.0,0.0,0.0,-0.03281521772791607,0.0,0,0.0,0.0,0.0,0.0
179375.25,2022-02-06,0.0,0.0,0.0,0.0,0.0,0.0,0.0,0.07472067039106145,71783.48000000001,0.3034923353339246,-0.4535946092850748,8.900425786,6.147044222,0.12222335450888777,-0.15394747312727364,0.311455927,-0.17448400705462785,0.08227093728475499,-0.12118255481206763,-1.4257142857142853,0.0,0.23845021745908457,14225.169999999984,165150.08000000002,163.0614508,0,-0.03608452869593293,0.0,0.0,0.0,-0.03281521772791607,0.0,0,0.0,0.0,0.0,0.0
178543.38999999998,2022-02-13,0.0,0.0,0.0,0.0,0.0,0.0,0.0,0.07472067039106145,73113.48999999999,0.33448285165911795,-0.4535946092850748,8.900425786,6.147044222,0.12222335450888777,-0.15394747312727364,0.311455927,-0.17448400705462785,0.08227093728475499,-0.12118255481206763,-1.4257142857142853,0.0,0.23845021745908457,-831.8600000000151,179375.25,163.0614508,0,-0.03608452869593293,0.10211301149037344,-0.1574356093589766,-0.03608452869593293,-0.03281521772791607,0.0,0,0.0,0.0,0.0,0.0
132699.04,2022-02-20,0.0,0.0,0.0,0.0,0.0,0.0,0.0,0.07472067039106145,-32451.040000000008,0.33448285165911795,-0.4535946092850748,8.900425786,6.147044222,0.12222335450888777,-0.15394747312727364,0.311455927,-0.17448400705462785,0.08227093728475499,-0.12118255481206763,-1.4257142857142853,0.0,0.23845021745908457,-45844.34999999998,178543.38999999998,163.0614508,0,-0.03608452869593293,0.10211301149037344,-0.1574356093589766,-0.03608452869593293,-0.03281521772791607,0.0,0,0.0,0.0,0.0,0.0
137036.59,2022-02-27,0.0,0.0,0.0,0.0,0.0,0.0,0.0,0.07472067039106145,-42338.66,0.33448285165911795,-0.4535946092850748,8.900425786,6.147044222,0.12222335450888777,-0.15394747312727364,0.311455927,-0.17448400705462785,0.08227093728475499,-0.12118255481206763,-1.4257142857142853,0.0,0.23845021745908457,4337.549999999988,132699.04,163.0614508,0,-0.03608452869593293,0.10211301149037344,-0.1574356093589766,-0.03608452869593293,-0.03281521772791607,0.0,0,0.0,0.0,0.0,0.0
131291.88,2022-03-06,0.0,0.0,13079.8818,0.0,0.0,0.0,0.0,0.07472067039106145,-47251.50999999998,0.33448285165911795,-0.4535946092850748,9.412046241,6.824089007,0.12222335450888777,-0.15394747312727364,1.482659889,-0.17448400705462785,0.08227093728475499,-0.12118255481206763,-1.4257142857142853,0.0,0.23845021745908457,-5744.709999999992,137036.59,171.4208068,1,-0.03608452869593293,0.10211301149037344,-0.1574356093589766,-0.03608452869593293,-0.03281521772791607,0.0,0,0.0,0.0,0.0,0.0
142058.1,2022-03-13,0.0,0.0,101606.8412,0.0,0.0,0.0,0.0,0.07472067039106145,9359.059999999998,0.37097844843476574,-0.4535946092850748,9.412046241,6.824089007,0.12222335450888777,0.23845021745908457,1.482659889,-0.17448400705462785,0.08227093728475499,-0.12118255481206763,-1.4257142857142853,0.0,0.23845021745908457,10766.220000000001,131291.88,171.4208068,0,0.12222335450888777,0.10911051671145633,0.36528810963267566,0.16423419679180817,-0.03281521772791607,0.0,0,0.0,0.0,0.0,0.0
141876.71,2022-03-20,0.0,0.0,113262.2994,0.0,0.0,0.0,0.0,0.07472067039106145,4840.119999999995,0.37097844843476574,-0.4535946092850748,9.412046241,6.824089007,0.12222335450888777,0.23845021745908457,1.482659889,-0.17448400705462785,0.08227093728475499,-0.12118255481206763,-1.4257142857142853,0.0,0.23845021745908457,-181.39000000001397,142058.1,171.4208068,0,0.12222335450888777,0.10911051671145633,0.36528810963267566,0.16423419679180817,-0.03281521772791607,0.0,0,0.0,0.0,0.0,0.0
129374.07,2022-03-27,0.0,0.0,126826.4394,0.0,0.0,0.0,0.0,0.07472067039106145,-1917.8099999999977,0.37097844843476574,-0.4535946092850748,9.412046241,6.824089007,0.12222335450888777,0.23845021745908457,1.482659889,-0.17448400705462785,0.08227093728475499,-0.12118255481206763,-1.4257142857142853,0.0,0.23845021745908457,-12502.639999999985,141876.71,171.4208068,1,0.12222335450888777,0.10911051671145633,0.36528810963267566,0.16423419679180817,-0.03281521772791607,0.0,0,0.0,0.0,0.0,0.0
156425.22,2022-04-03,0.0,0.0,88814.4174,0.0,0.0,0.0,0.0,0.07472067039106145,14367.119999999995,0.37097844843476574,-0.4535946092850748,8.263712314,7.964652773,0.12222335450888777,0.23845021745908457,0.961893177,-0.17448400705462785,0.08227093728475499,-0.12118255481206763,-1.4257142857142853,0.0,0.23845021745908457,27051.149999999994,129374.07,171.3569543,0,0.12222335450888777,0.10911051671145633,0.36528810963267566,0.16423419679180817,-0.03281521772791607,0.0,0,0.0,0.0,0.0,0.0
118127.0,2022-04-10,0.0,0.0,100321.91500000001,0.0,0.0,0.0,0.0,0.07472067039106145,-23749.709999999992,0.2923995663465963,-0.4535946092850748,8.263712314,7.964652773,-0.12246872247709772,0.03872681337684236,0.961893177,-0.17448400705462785,0.08227093728475499,-0.12118255481206763,-3.5355357142857127,-0.4535946092850748,-0.12118255481206763,-38298.22,156425.22,171.3569543,0,-0.08961801771300226,-0.21181522112594375,-0.27691570033684754,-0.21804222484130065,-0.03281521772791607,-0.006101477199743299,0,-0.23914038858144082,1.4798346693386768,0.012047400208627934,0.0
111869.82,2022-04-17,0.0,0.0,66542.70707,0.0,0.0,0.0,0.0,0.07472067039106145,-17504.25,0.2923995663465963,-0.4535946092850748,8.263712314,7.964652773,-0.12246872247709772,0.03872681337684236,0.961893177,-0.17448400705462785,0.08227093728475499,-0.12118255481206763,-3.5355357142857127,-0.4535946092850748,-0.12118255481206763,-6257.179999999993,118127.0,171.3569543,0,-0.08961801771300226,-0.21181522112594375,-0.27691570033684754,-0.21804222484130065,-0.03281521772791607,-0.006101477199743299,2,-0.23914038858144082,1.4798346693386768,0.012047400208627934,0.0
173047.42,2022-04-24,5425.83999,0.0,57382.95671,4240.0365504,0.0,0.0,0.0,0.07472067039106145,16622.20000000001,0.2923995663465963,-0.4535946092850748,8.263712314,7.964652773,-0.12246872247709772,0.03872681337684236,0.961893177,-0.17448400705462785,0.08227093728475499,-0.12118255481206763,-3.5355357142857127,-0.4535946092850748,-0.12118255481206763,61177.600000000006,111869.82,171.3569543,1,-0.08961801771300226,-0.21181522112594375,-0.27691570033684754,-0.21804222484130065,-0.03281521772791607,-0.006101477199743299,0,-0.23914038858144082,1.4798346693386768,0.012047400208627934,0.0
123333.73999999999,2022-05-01,9639.64,0.0,54578.759388294,10542.01751,32777.8,0.0,0.0,0.07472067039106145,5206.739999999991,0.2923995663465963,-0.4535946092850748,7.211817654,8.091138932,-0.12246872247709772,0.03872681337684236,0.384024966,-0.17448400705462785,0.08227093728475499,-0.12118255481206763,-3.5355357142857127,-0.4535946092850748,-0.12118255481206763,-49713.68000000002,173047.42,180.2186285,0,-0.08961801771300226,-0.21181522112594375,-0.27691570033684754,-0.21804222484130065,-0.03281521772791607,-0.006101477199743299,1,-0.23914038858144082,1.4798346693386768,0.012047400208627934,0.0
75375.73,2022-05-08,0.0,0.0,62473.45256,0.0,32470.8,0.0,0.0,0.07472067039106145,-36494.09000000001,0.28352726775366166,-0.4535946092850748,7.211817654,8.091138932,-0.01943650532414498,-0.177261721091458,0.384024966,-0.17448400705462785,0.08227093728475499,0.018920400426196693,-3.5355357142857127,-0.4535946092850748,0.20432286183512027,-47958.009999999995,123333.73999999999,180.2186285,1,-0.15776095790870992,-0.030343063444963736,0.19468998403662652,0.07709018165380677,0.016795759344511607,0.0,0,0.0,1.4798346693386768,0.0,0.07472067039106145
94885.47,2022-05-15,0.0,0.0,0.0,0.0,32314.199999999997,0.0,0.0,0.07472067039106145,-78161.95000000001,0.28352726775366166,-0.4535946092850748,7.211817654,8.091138932,-0.01943650532414498,-0.177261721091458,0.384024966,-0.17448400705462785,0.08227093728475499,0.018920400426196693,-3.5355357142857127,-0.4535946092850748,0.20432286183512027,19509.740000000005,75375.73,180.2186285,0,-0.15776095790870992,-0.030343063444963736,0.19468998403662652,0.07709018165380677,0.016795759344511607,0.0,0,0.0,1.4798346693386768,0.0,0.07472067039106145
144565.05,2022-05-22,0.0,0.0,0.0,0.0,13254.6,0.0,0.0,0.07472067039106145,21231.309999999998,0.28352726775366166,-0.4535946092850748,7.211817654,8.091138932,-0.01943650532414498,-0.177261721091458,0.384024966,-0.17448400705462785,0.08227093728475499,0.018920400426196693,-3.5355357142857127,-0.4535946092850748,0.20432286183512027,49679.57999999999,94885.47,180.2186285,0,-0.15776095790870992,-0.030343063444963736,0.19468998403662652,0.07709018165380677,0.016795759344511607,0.0,0,0.0,1.4798346693386768,0.0,0.07472067039106145
114437.2,2022-05-29,0.0,0.0,0.0,0.0,9182.6,0.0,0.0,0.07472067039106145,39061.47,0.28352726775366166,-0.4535946092850748,7.211817654,8.091138932,-0.01943650532414498,-0.177261721091458,0.384024966,-0.17448400705462785,0.08227093728475499,0.018920400426196693,-3.5355357142857127,-0.4535946092850748,0.20432286183512027,-30127.84999999999,144565.05,180.2186285,0,-0.15776095790870992,-0.030343063444963736,0.19468998403662652,0.07709018165380677,0.016795759344511607,0.0,0,0.0,1.4798346693386768,0.0,0.07472067039106145
133457.12,2022-06-05,0.0,0.0,0.0,0.0,0.0,0.0,0.0,0.07472067039106145,38571.649999999994,0.28352726775366166,-0.4535946092850748,6.779536793,8.812632944,-0.15776095790870992,0.15942213710642017,1.190627106,-0.17448400705462785,0.08227093728475499,0.20432286183512027,-3.5355357142857127,0.0,-0.177261721091458,19019.92,114437.2,178.292607,0,0.07709018165380677,0.0,0.0,0.0,-0.05746398242641382,0.0,0,0.0,0.0,0.0,0.0
120158.93000000001,2022-06-12,0.0,0.0,0.0,0.0,0.0,0.0,0.0,0.07472067039106145,-24406.11999999998,0.3158863151060529,-0.1695575947478366,6.779536793,8.812632944,-0.035601127942678445,-0.060651336104464604,1.190627106,-0.17448400705462785,0.08227093728475499,-0.024273355701995958,-4.546071428571427,0.5198283533872166,-0.33342819815634184,-13298.189999999988,133457.12,178.292607,0,0.23331323339242394,0.11413028316029883,-0.19515210446360776,0.14504175639104444,-0.0009154359177788729,0.12439418416801318,0,-0.028274504322910454,0.2858225162887016,0.1035110077269652,0.0
110665.44,2022-06-19,0.0,0.0,0.0,0.0,0.0,0.0,0.0,0.07472067039106145,-3771.7599999999948,0.3158863151060529,-0.1695575947478366,6.779536793,8.812632944,-0.035601127942678445,-0.060651336104464604,1.190627106,-0.17448400705462785,0.08227093728475499,-0.024273355701995958,-4.546071428571427,0.5198283533872166,-0.33342819815634184,-9493.490000000005,120158.93000000001,178.292607,2,0.23331323339242394,0.11413028316029883,-0.19515210446360776,0.14504175639104444,-0.0009154359177788729,0.12439418416801318,0,-0.028274504322910454,0.2858225162887016,0.1035110077269652,0.0
124577.5,2022-06-26,0.0,0.0,0.0,0.0,0.0,0.0,0.0,0.07472067039106145,-8879.619999999995,0.3158863151060529,-0.1695575947478366,6.779536793,8.812632944,-0.035601127942678445,-0.060651336104464604,1.190627106,-0.17448400705462785,0.08227093728475499,-0.024273355701995958,-4.546071428571427,0.5198283533872166,-0.33342819815634184,13912.059999999998,110665.44,178.292607,1,0.23331323339242394,0.11413028316029883,-0.19515210446360776,0.14504175639104444,-0.0009154359177788729,0.12439418416801318,0,-0.028274504322910454,0.2858225162887016,0.1035110077269652,0.0
112954.18000000001,2022-07-03,0.0,0.0,0.0,0.0,0.0,0.0,0.0,0.07472067039106145,-7204.75,0.3158863151060529,-0.1695575947478366,6.8301387,8.740834915,0.23331323339242394,-0.18981306822390331,0.940891085,-0.17448400705462785,0.08227093728475499,-0.33342819815634184,-4.546071428571427,0.5198283533872166,-0.060651336104464604,-11623.319999999992,124577.5,177.6064449,0,0.14504175639104444,0.11413028316029883,-0.19515210446360776,0.14504175639104444,-0.10206599235925984,0.12439418416801318,1,-0.028274504322910454,0.2858225162887016,0.1035110077269652,0.0
125567.05,2022-07-10,0.0,0.0,0.0,0.0,0.0,0.0,0.0,0.19483240223463683,14901.61,0.2703466133872717,-0.1695575947478366,6.8301387,8.740834915,0.13926226055877877,-0.29460439354851653,0.940891085,-0.2812580262155746,-0.0002617330582252997,-0.4196440327984593,-4.546071428571427,0.5198283533872166,-0.18214871846254188,12612.869999999995,112954.18000000001,177.6064449,0,0.057722259439326074,-0.14416484520227524,-0.07991080102160908,-0.07625878834928501,-0.12370294460774311,0.0,0,0.0,0.2858225162887016,0.0,0.11176088369070825
140550.96,2022-07-17,0.0,0.0,0.0,0.0,0.0,0.0,0.0,0.19483240223463683,15973.459999999992,0.2703466133872717,-0.1695575947478366,6.8301387,8.740834915,0.13926226055877877,-0.29460439354851653,0.940891085,-0.2812580262155746,-0.0002617330582252997,-0.4196440327984593,-4.546071428571427,0.5198283533872166,-0.18214871846254188,14983.909999999989,125567.05,177.6064449,1,0.057722259439326074,-0.14416484520227524,-0.07991080102160908,-0.07625878834928501,-0.12370294460774311,0.0,0,0.0,0.2858225162887016,0.0,0.11176088369070825
97995.097,2022-07-24,0.0,0.0,0.0,0.0,0.0,0.0,0.0,0.19483240223463683,-14959.083000000013,0.2703466133872717,-0.1695575947478366,6.8301387,8.740834915,0.13926226055877877,-0.29460439354851653,0.940891085,-0.2812580262155746,-0.0002617330582252997,-0.4196440327984593,-4.546071428571427,0.5198283533872166,-0.18214871846254188,-42555.863,140550.96,177.6064449,0,0.057722259439326074,-0.14416484520227524,-0.07991080102160908,-0.07625878834928501,-0.12370294460774311,0.0,0,0.0,0.2858225162887016,0.0,0.11176088369070825
75403.14,2022-07-31,0.0,0.0,0.0,0.0,0.0,0.0,0.0,0.19483240223463683,-50163.91,0.2703466133872717,0.5198283533872166,6.8301387,8.740834915,0.057722259439326074,-0.29460439354851653,0.940891085,-0.1504759445124293,0.037163835112267174,-0.18214871846254188,-4.546071428571427,0.5198283533872166,-0.29460439354851653,-22591.956999999995,97995.097,177.6064449,0,0.057722259439326074,-0.14416484520227524,-0.07991080102160908,-0.07625878834928501,0.08751560630259081,0.0,2,0.0,0.2858225162887016,0.0,0.11176088369070825
69889.74,2022-08-07,0.0,0.0,0.0,0.0,0.0,0.0,0.0,0.19483240223463683,-70661.21999999999,0.25178894894250525,0.3719416303990055,7.32302234,8.397988303,0.16513584027362782,0.0023358684898928672,0.666542108,-0.021994186578831232,0.14248967131079726,-0.058457141159448,-4.99660714285714,-0.09730488489612543,-0.1879205780990445,-5513.399999999994,75403.14,178.9950859,0,0.01754877826107948,-0.06864396861588407,0.1529735999744708,0.10155178249840269,0.06751850611456711,0.19224137931034502,0,0.17298448604996697,0.09910440725901482,0.20203311205763774,0.0
93866.76000000001,2022-08-14,0.0,0.0,0.0,0.0,0.0,0.0,0.0,0.19483240223463683,-4128.336999999985,0.25178894894250525,0.3719416303990055,7.32302234,8.397988303,0.16513584027362782,0.0023358684898928672,0.666542108,-0.021994186578831232,0.14248967131079726,-0.058457141159448,-4.99660714285714,-0.09730488489612543,-0.1879205780990445,23977.020000000004,69889.74,178.9950859,0,0.01754877826107948,-0.06864396861588407,0.1529735999744708,0.10155178249840269,0.06751850611456711,0.19224137931034502,0,0.17298448604996697,0.09910440725901482,0.20203311205763774,0.0
111047.08,2022-08-21,0.0,0.0,0.0,0.0,0.0,0.0,0.0,0.19483240223463683,35643.94,0.25178894894250525,0.3719416303990055,7.32302234,8.397988303,0.16513584027362782,0.0023358684898928672,0.666542108,-0.021994186578831232,0.14248967131079726,-0.058457141159448,-4.99660714285714,-0.09730488489612543,-0.1879205780990445,17180.319999999992,93866.76000000001,178.9950859,1,0.01754877826107948,-0.06864396861588407,0.1529735999744708,0.10155178249840269,0.06751850611456711,0.19224137931034502,0,0.17298448604996697,0.09910440725901482,0.20203311205763774,0.0
102679.26,2022-08-28,0.0,0.0,0.0,0.0,0.0,0.0,0.0,0.19483240223463683,32789.51999999999,0.25178894894250525,0.3719416303990055,7.32302234,8.397988303,0.16513584027362782,0.0023358684898928672,0.666542108,-0.331871174088164,-0.018677105981709463,-0.1879205780990445,-4.99660714285714,-0.09730488489612543,-0.1879205780990445,-8367.820000000007,111047.08,178.9950859,0,0.01754877826107948,-0.06864396861588407,0.1529735999744708,0.10155178249840269,0.01543269080256815,0.19224137931034502,0,0.17298448604996697,0.09910440725901482,0.20203311205763774,0.0
82341.19,2022-09-04,0.0,0.0,0.0,0.0,0.0,0.0,0.0,0.19483240223463683,-11525.570000000007,0.25178894894250525,0.3719416303990055,7.67263901,8.529852536,0.01754877826107948,0.15123969368925994,0.522557853,-0.331871174088164,-0.018677105981709463,-0.1879205780990445,-4.99660714285714,-0.09730488489612543,0.0023358684898928672,-20338.069999999992,102679.26,182.3242786,0,0.10155178249840269,0.0,0.0,0.0,0.01543269080256815,0.0,1,0.0,0.09910440725901482,0.0,0.0
95393.70999999999,2022-09-11,0.0,0.0,0.0,0.0,0.0,0.0,0.0,0.19483240223463683,-15653.37000000001,0.19437147011429365,0.3719416303990055,7.67263901,8.529852536,-0.10122832470976806,0.24622195230489652,0.522557853,-0.27674765352229935,-0.13322561011303102,-0.1209205101807358,-4.99660714285714,-0.09730488489612543,0.08503291689998105,13052.51999999999,82341.19,182.3242786,1,-0.027030878394894597,-0.22803812109054322,0.06679544922975134,-0.11672865764118878,-0.1696821998776442,0.0,0,0.0,0.09910440725901482,0.0,0.0
78651.38,2022-09-18,0.0,0.0,0.0,0.0,0.0,0.0,0.0,0.19483240223463683,-24027.87999999999,0.19437147011429365,0.3719416303990055,7.67263901,8.529852536,-0.10122832470976806,0.24622195230489652,0.522557853,-0.27674765352229935,-0.13322561011303102,-0.1209205101807358,-4.99660714285714,-0.09730488489612543,0.08503291689998105,-16742.329999999987,95393.70999999999,182.3242786,0,-0.027030878394894597,-0.22803812109054322,0.06679544922975134,-0.11672865764118878,-0.1696821998776442,0.0,0,0.0,0.09910440725901482,0.0,0.0
84393.72,2022-09-25,0.0,0.0,0.0,0.0,0.0,0.0,0.0,0.11176088369070825,2052.529999999999,0.19437147011429365,0.3719416303990055,7.67263901,8.529852536,-0.10122832470976806,0.24622195230489652,0.522557853,0.019224220772672718,0.10846700093372186,-0.1209205101807358,-4.99660714285714,-0.09730488489612543,0.08503291689998105,5742.3399999999965,78651.38,182.3242786,0,-0.027030878394894597,-0.22803812109054322,0.06679544922975134,-0.11672865764118878,-0.1696821998776442,0.0,0,0.0,0.09910440725901482,0.0,0.0
94775.53,2022-10-02,0.0,0.0,0.0,0.0,0.0,0.0,0.0,0.11176088369070825,-618.179999999993,0.19437147011429365,-0.09730488489612543,7.165827091,8.275194627,-0.027030878394894597,0.08250432914735306,0.347652348,0.019224220772672718,0.10846700093372186,0.08503291689998105,-4.99660714285714,0.0,0.24622195230489652,10381.809999999998,84393.72,182.9075582,0,-0.11672865764118878,-0.22803812109054322,0.06679544922975134,-0.11672865764118878,-0.21667848670377365,0.0,0,0.0,0.0,0.0,0.0
87132.33,2022-10-09,0.0,0.0,0.0,0.0,0.0,0.0,0.0,0.11176088369070825,8480.949999999997,0.24774912385042147,-0.40780460415496866,7.165827091,8.275194627,0.09531648054810637,-0.06785169286157,0.347652348,-0.12234241803350165,0.2478527296565214,-0.06567431700301829,-3.3955357142857157,-0.3439696460782482,0.07312613158300829,-7643.199999999997,94775.53,182.9075582,0,-0.005660471027657099,0.27461671049120984,-0.1278820110377792,0.12574639443969682,-0.01173658282899559,0.07760906242468035,1,-0.16144627111373955,-0.3204317215253202,-0.05304792551364712,0.0
78274.51,2022-10-16,0.0,0.0,0.0,0.0,0.0,0.0,0.0,0.11176088369070825,-6119.210000000006,0.24774912385042147,-0.40780460415496866,7.165827091,8.275194627,0.09531648054810637,-0.06785169286157,0.347652348,-0.12234241803350165,0.2478527296565214,-0.06567431700301829,-3.3955357142857157,-0.3439696460782482,0.07312613158300829,-8857.820000000007,87132.33,182.9075582,0,-0.005660471027657099,0.27461671049120984,-0.1278820110377792,0.12574639443969682,-0.01173658282899559,0.07760906242468035,0,-0.16144627111373955,-0.3204317215253202,-0.05304792551364712,0.0
78813.54000000001,2022-10-23,0.0,0.0,0.0,0.0,0.0,0.0,0.0,0.11176088369070825,-15961.98999999999,0.24774912385042147,-0.40780460415496866,7.165827091,8.275194627,0.09531648054810637,-0.06785169286157,0.347652348,-0.24302154161306944,0.15854062260647384,-0.06567431700301829,-3.3955357142857157,-0.3439696460782482,0.07312613158300829,539.0300000000134,78274.51,182.9075582,0,-0.005660471027657099,0.27461671049120984,-0.1278820110377792,0.12574639443969682,-0.01173658282899559,0.07760906242468035,0,-0.16144627111373955,-0.3204317215253202,-0.05304792551364712,0.0
80801.1,2022-10-30,0.0,0.0,0.0,0.0,0.0,0.0,0.0,0.11176088369070825,-6331.229999999996,0.24774912385042147,-0.40780460415496866,7.165827091,8.275194627,-0.005660471027657099,-0.06785169286157,0.347652348,-0.24302154161306944,0.15854062260647384,0.07312613158300829,-3.3955357142857157,-0.3439696460782482,-0.06785169286157,1987.5599999999977,78813.54000000001,182.9075582,0,-0.005660471027657099,0.27461671049120984,-0.1278820110377792,0.12574639443969682,0.012664969401121384,0.07760906242468035,0,-0.16144627111373955,-0.3204317215253202,-0.05304792551364712,0.0
143947.72999999998,2022-11-06,0.0,0.0,0.0,0.0,0.0,0.0,0.0,0.11176088369070825,65673.21999999999,0.24774912385042147,-0.40780460415496866,7.620149062,8.447229802,-0.005660471027657099,-0.13889646254565358,0.517639657,-0.24302154161306944,0.15854062260647384,0.07312613158300829,-3.3955357142857157,-0.3439696460782482,-0.06785169286157,63146.629999999976,80801.1,180.5890451,1,0.12574639443969682,0.0,0.0,0.0,0.012664969401121384,0.0,1,0.0,-0.3204317215253202,0.0,0.0
143594.85,2022-11-13,0.0,0.0,0.0,0.0,0.0,0.0,0.0,0.11176088369070825,64781.31,0.24138760379078045,-0.40780460415496866,7.620149062,8.447229802,-0.2651598481909292,0.28553782355226187,0.517639657,0.13008993407168967,-0.1438114022551381,0.6020654562290875,-3.3955357142857157,-0.3439696460782482,0.3916002592779897,-352.87999999997555,143947.72999999998,180.5890451,0,-0.16804710334351958,-0.025677265617624512,0.5123474356462332,-0.26097662780385145,-0.03752504175303062,0.0,0,0.0,-0.3204317215253202,0.0,0.0
111128.0,2022-11-20,0.0,0.0,0.0,0.0,0.0,0.0,0.0,0.11176088369070825,30326.899999999994,0.24138760379078045,-0.40780460415496866,7.620149062,8.447229802,-0.2651598481909292,0.28553782355226187,0.517639657,0.13008993407168967,-0.1438114022551381,0.6020654562290875,-3.3955357142857157,-0.3439696460782482,0.3916002592779897,-32466.850000000006,143594.85,180.5890451,0,-0.16804710334351958,-0.025677265617624512,0.5123474356462332,-0.26097662780385145,-0.03752504175303062,0.0,0,0.0,-0.3204317215253202,0.0,0.0
97977.12,2022-11-27,0.0,0.0,0.0,0.0,0.0,0.0,0.0,0.0,-45970.609999999986,0.24138760379078045,-0.3439696460782482,7.620149062,8.447229802,-0.2651598481909292,0.28553782355226187,0.517639657,0.394850854474164,-0.25226430130949384,0.3916002592779897,-3.3955357142857157,-0.3439696460782482,0.3916002592779897,-13150.880000000005,111128.0,180.5890451,0,-0.16804710334351958,-0.025677265617624512,0.5123474356462332,-0.26097662780385145,-0.019495651107073186,0.0,0,0.0,-0.3204317215253202,0.0,0.0
103737.39,2022-12-04,0.0,0.0,0.0,0.0,0.0,0.0,0.0,0.0,-39857.46000000001,0.24138760379078045,-0.3439696460782482,7.111931164,8.459162,-0.16804710334351958,0.49289576414081093,0.79392417,0.394850854474164,-0.25226430130949384,0.3916002592779897,-3.3955357142857157,0.0,0.28553782355226187,5760.270000000004,97977.12,197.5608625,0,-0.26097662780385145,-0.025677265617624512,0.5123474356462332,-0.26097662780385145,-0.019495651107073186,0.0,0,0.0,0.0,0.0,0.0
114860.56999999999,2022-12-11,0.0,0.0,0.0,0.0,0.0,0.0,0.0,0.0,3732.5699999999924,0.2636672440105434,-0.5008397089009144,7.111931164,8.459162,0.13974378920564923,-0.12534307745044293,0.79392417,-0.182785573450847,0.024369434825998404,-0.1846900303185216,-3.029464285714287,-0.23912012894662016,-0.2468298299336441,11123.179999999993,103737.39,197.5608625,0,0.012433879277862658,0.09229819539148143,-0.41626834554961445,0.36996192186618226,0.07856298897783964,0.0004473272198612932,1,-0.05272583483290616,-0.10780962398106764,-0.011537495296748523,0.0
101809.75,2022-12-18,0.0,0.0,0.0,0.0,0.0,0.0,0.0,0.0,3832.6300000000047,0.2636672440105434,-0.5008397089009144,7.111931164,8.459162,0.13974378920564923,-0.12534307745044293,0.79392417,-0.182785573450847,0.024369434825998404,-0.1846900303185216,-3.029464285714287,-0.23912012894662016,-0.2468298299336441,-13050.819999999992,114860.56999999999,197.5608625,0,0.012433879277862658,0.09229819539148143,-0.41626834554961445,0.36996192186618226,0.07856298897783964,0.0004473272198612932,0,-0.05272583483290616,-0.10780962398106764,-0.011537495296748523,0.0
78746.38,2022-12-25,0.0,0.0,0.0,0.0,0.0,0.0,0.0,0.0,-24991.009999999995,0.2636672440105434,-0.5008397089009144,7.111931164,8.459162,0.13974378920564923,-0.12534307745044293,0.79392417,-0.06138280024209497,0.108935513438295,-0.1846900303185216,-3.029464285714287,-0.23912012894662016,-0.2468298299336441,-23063.369999999995,101809.75,197.5608625,1,0.012433879277862658,0.09229819539148143,-0.41626834554961445,0.36996192186618226,0.07856298897783964,0.0004473272198612932,1,-0.05272583483290616,-0.10780962398106764,-0.011537495296748523,0.0
85769.46,2023-01-01,0.0,0.0,0.0,0.0,0.0,0.0,0.0,0.0,-29091.109999999986,0.2636672440105434,-0.5008397089009144,8.010579523,8.664267001,0.012433879277862658,-0.12534307745044293,0.226446522,-0.06138280024209497,0.108935513438295,-0.2468298299336441,-3.029464285714287,-0.23912012894662016,-0.12534307745044293,7023.080000000002,78746.38,163.997674,0,0.012433879277862658,0.09229819539148143,-0.41626834554961445,0.36996192186618226,0.3190228102257211,0.0004473272198612932,1,-0.05272583483290616,-0.10780962398106764,-0.011537495296748523,0.0
167308.35,2023-01-08,0.0,0.0,0.0,0.0,0.0,0.0,0.0,0.0,65498.600000000006,0.27367805432160697,-0.5008397089009144,8.010579523,8.664267001,-0.1272220537253873,-0.3877904417748872,0.226446522,-0.01920021479427647,-0.04403193158648677,-0.2129814569613967,-3.029464285714287,-0.23912012894662016,-0.08603494375921195,81538.89,85769.46,163.997674,1,0.180988286853482,0.03796759187373011,0.014373278276621049,-0.1379407938253332,0.32538354890456067,0.0,0,0.0,-0.10780962398106764,0.0,0.0
147530.77,2023-01-15,0.0,0.0,0.0,0.0,0.0,0.0,0.0,0.0,68784.38999999998,0.27367805432160697,-0.5008397089009144,8.010579523,8.664267001,-0.1272220537253873,-0.3877904417748872,0.226446522,-0.01920021479427647,-0.04403193158648677,-0.2129814569613967,-3.029464285714287,-0.23912012894662016,-0.08603494375921195,-19777.580000000016,167308.35,163.997674,0,0.180988286853482,0.03796759187373011,0.014373278276621049,-0.1379407938253332,0.32538354890456067,0.0,0,0.0,-0.10780962398106764,0.0,0.0
118605.24,2023-01-22,0.0,0.0,0.0,0.0,0.0,0.0,0.0,0.0,32835.78,0.27367805432160697,-0.5008397089009144,8.010579523,8.664267001,-0.1272220537253873,-0.3877904417748872,0.226446522,-0.14804902004146947,-0.13216238800385283,-0.2129814569613967,-3.029464285714287,-0.23912012894662016,-0.08603494375921195,-28925.529999999984,147530.77,163.997674,1,0.180988286853482,0.03796759187373011,0.014373278276621049,-0.1379407938253332,0.32538354890456067,0.0,0,0.0,-0.10780962398106764,0.0,0.0
100548.05,2023-01-29,0.0,0.0,0.0,0.0,0.0,0.0,0.0,0.0,-66760.3,0.27367805432160697,-0.23912012894662016,8.010579523,8.664267001,-0.1272220537253873,-0.3877904417748872,0.226446522,-0.14804902004146947,-0.13216238800385283,-0.08603494375921195,-3.029464285714287,-0.23912012894662016,-0.08603494375921195,-18057.190000000002,118605.24,163.997674,0,0.180988286853482,0.03796759187373011,0.014373278276621049,-0.1379407938253332,0.05053109240630538,0.0,0,0.0,-0.10780962398106764,0.0,0.0
94716.46,2023-02-05,0.0,0.0,0.0,0.0,0.0,0.0,0.0,0.0,-52814.30999999998,0.27367805432160697,-0.23912012894662016,7.329429424,8.64592356,0.180988286853482,0.044941202290665894,0.294522511,-0.14804902004146947,-0.13216238800385283,-0.08603494375921195,-3.029464285714287,0.0,-0.3877904417748872,-5831.5899999999965,100548.05,162.073214,0,-0.1379407938253332,0.0,0.0,0.0,0.05053109240630538,0.0,0,0.0,0.0,0.0,0.0
99516.45,2023-02-12,0.0,0.0,0.0,0.0,0.0,0.0,0.0,0.0,-19088.790000000008,0.17724984133801958,0.18111311273347752,7.329429424,8.64592356,0.45435336534808535,0.08298141336439802,0.294522511,-0.11703445670426793,0.06871724777642019,-0.05276280980832582,-1.6696428571428577,0.5522990654205597,-0.365503464512255,4799.989999999991,94716.46,162.073214,0,0.06160130594501778,-0.35234178064665655,0.0320661340700954,0.23147145618432208,-0.24289403625718298,0.21082047842611273,0,-0.10382254270489322,-0.4488653109342765,0.2077202268455054,0.0
130120.91,2023-02-19,0.0,0.0,0.0,0.0,0.0,0.0,0.0,0.0,29572.86,0.17724984133801958,0.18111311273347752,7.329429424,8.64592356,0.45435336534808535,0.08298141336439802,0.294522511,-0.11703445670426793,0.06871724777642019,-0.05276280980832582,-1.6696428571428577,0.5522990654205597,-0.365503464512255,30604.460000000006,99516.45,162.073214,0,0.06160130594501778,-0.35234178064665655,0.0320661340700954,0.23147145618432208,-0.24289403625718298,0.21082047842611273,0,-0.10382254270489322,-0.4488653109342765,0.2077202268455054,0.0
118746.37,2023-02-26,0.0,0.0,0.0,0.0,0.0,0.0,0.0,0.0,24029.90999999999,0.17724984133801958,0.18111311273347752,7.329429424,8.64592356,0.45435336534808535,0.08298141336439802,0.294522511,-0.1843307047176338,0.2099534950634403,-0.05276280980832582,-1.6696428571428577,0.5522990654205597,-0.365503464512255,-11374.540000000008,130120.91,162.073214,0,0.06160130594501778,-0.35234178064665655,0.0320661340700954,0.23147145618432208,-0.24289403625718298,0.21082047842611273,0,-0.10382254270489322,-0.4488653109342765,0.2077202268455054,0.0
103076.55,2023-03-05,0.0,0.0,0.0,0.0,0.0,0.0,0.0,0.0,3560.100000000006,0.17724984133801958,0.18111311273347752,7.484157971,8.400574009,0.06160130594501778,0.03640416416765113,1.253486772,-0.1843307047176338,0.2099534950634403,-0.365503464512255,-1.6696428571428577,0.5522990654205597,0.08298141336439802,-15669.819999999992,118746.37,171.9991242,1,0.23147145618432208,-0.35234178064665655,0.0320661340700954,0.23147145618432208,-0.20341336568021773,0.21082047842611273,0,-0.10382254270489322,-0.4488653109342765,0.2077202268455054,0.0
101585.47,2023-03-12,0.0,0.0,0.0,0.0,0.0,0.0,0.0,0.0,-28535.440000000002,0.24861621269493775,0.18111311273347752,7.484157971,8.400574009,-0.013289614311127074,0.19832802274544115,1.253486772,-0.05689362545655252,0.12459703383360354,-0.26637213058624043,-1.6696428571428577,0.5522990654205597,0.25218232482621783,-1491.0800000000017,103076.55,171.9991242,0,0.14459700519566132,0.40263151051752333,0.1482787478028007,-0.07054524126595563,0.07996805799337547,0.0,0,0.0,-0.4488653109342765,0.0,0.0
122460.58,2023-03-19,0.0,0.0,0.0,0.0,0.0,0.0,0.0,0.0,3714.2100000000064,0.24861621269493775,0.18111311273347752,7.484157971,8.400574009,-0.013289614311127074,0.19832802274544115,1.253486772,-0.05689362545655252,0.12459703383360354,-0.26637213058624043,-1.6696428571428577,0.5522990654205597,0.25218232482621783,20875.11,101585.47,171.9991242,0,0.14459700519566132,0.40263151051752333,0.1482787478028007,-0.07054524126595563,0.07996805799337547,0.0,0,0.0,-0.4488653109342765,0.0,0.0
154597.36000000002,2023-03-26,0.0,0.0,0.0,0.0,0.0,0.0,0.0,0.0,51520.81000000001,0.24861621269493775,0.18111311273347752,7.484157971,8.400574009,-0.013289614311127074,0.19832802274544115,1.253486772,0.09522993870344965,-0.0010209764932583854,-0.26637213058624043,-1.6696428571428577,0.5522990654205597,0.25218232482621783,32136.780000000013,122460.58,171.9991242,1,0.14459700519566132,0.40263151051752333,0.1482787478028007,-0.07054524126595563,0.07996805799337547,0.0,0,0.0,-0.4488653109342765,0.0,0.0
131410.27,2023-04-02,0.0,0.0,0.0,0.0,0.0,0.0,0.0,0.0,29824.79999999999,0.24861621269493775,0.5522990654205597,7.072392403,7.965045831,0.14459700519566132,0.19832802274544115,0.55625188,0.09522993870344965,-0.0010209764932583854,0.25218232482621783,-1.6696428571428577,0.5522990654205597,0.19832802274544115,-23187.090000000026,154597.36000000002,172.0689261,0,0.14459700519566132,0.40263151051752333,0.1482787478028007,-0.07054524126595563,-0.018218325355766618,0.0,0,0.0,-0.4488653109342765,0.0,0.0
84938.35,2023-04-09,0.0,0.0,0.0,0.0,0.0,0.0,0.0,0.0,-37522.229999999996,0.2558425809880333,0.6210093457943924,7.072392403,7.965045831,0.08900671971168128,0.032694425959918894,0.55625188,-0.021793433627122494,-0.049538951690785926,0.11838886899960865,-1.5337500000000013,0.0442635584240445,0.07028880337758192,-46471.919999999984,131410.27,172.0689261,0,-0.11568659245587676,0.02906635981122685,-0.11855399453601234,-0.048567561536190906,0.011524171130925742,-0.0160635155096015,2,0.3752883034700527,-0.08139037433155027,-0.03956213746632875,0.0
116875.63,2023-04-16,0.0,0.0,0.0,0.0,0.0,0.0,0.0,0.0,-37721.73000000001,0.2558425809880333,0.6210093457943924,7.072392403,7.965045831,0.08900671971168128,0.032694425959918894,0.55625188,-0.021793433627122494,-0.049538951690785926,0.11838886899960865,-1.5337500000000013,0.0442635584240445,0.07028880337758192,31937.28,84938.35,172.0689261,0,-0.11568659245587676,0.02906635981122685,-0.11855399453601234,-0.048567561536190906,0.011524171130925742,-0.0160635155096015,0,0.3752883034700527,-0.08139037433155027,-0.03956213746632875,0.0
108568.16,2023-04-23,0.0,0.0,0.0,0.0,0.0,0.0,0.0,0.0,-22842.109999999986,0.2558425809880333,0.6210093457943924,7.072392403,7.965045831,0.08900671971168128,0.032694425959918894,0.55625188,-0.021793433627122494,-0.049538951690785926,0.11838886899960865,-1.5337500000000013,0.0442635584240445,0.07028880337758192,-8307.470000000001,116875.63,172.0689261,1,-0.11568659245587676,0.02906635981122685,-0.11855399453601234,-0.048567561536190906,0.011524171130925742,-0.0160635155096015,0,0.3752883034700527,-0.08139037433155027,-0.03956213746632875,0.0
115333.16,2023-04-30,0.0,0.0,0.0,0.0,0.0,0.0,0.0,0.0,30394.809999999998,0.2558425809880333,0.6210093457943924,7.072392403,7.965045831,0.08900671971168128,0.032694425959918894,0.55625188,-0.3447589645109258,0.28610418028422857,0.07028880337758192,-1.5337500000000013,0.0442635584240445,0.07028880337758192,6765.0,108568.16,172.0689261,0,-0.11568659245587676,0.02906635981122685,-0.11855399453601234,-0.048567561536190906,0.0066696964204080444,-0.0160635155096015,0,0.3752883034700527,-0.08139037433155027,-0.03956213746632875,0.0
97601.48,2023-05-07,0.0,0.0,0.0,0.0,0.0,0.0,0.0,0.0,-19274.15000000001,0.2660197622337402,0.6210093457943924,6.778778535,7.893885648,0.05229999247071038,0.13525008896753632,0.317861464,-0.16714889597896543,0.5304160354055425,0.36040199443405396,-1.5337500000000013,0.0442635584240445,0.3126172602042847,-17731.680000000008,115333.16,177.895202,0,0.13216913742416714,0.0397790751109679,0.2854891676785971,0.18996272531150704,0.06967623399387057,0.0,1,0.0,-0.08139037433155027,0.0,0.0
95306.58,2023-05-14,0.0,0.0,0.0,0.0,0.0,0.0,0.0,0.0,-13261.580000000002,0.2660197622337402,0.6210093457943924,6.778778535,7.893885648,0.05229999247071038,0.13525008896753632,0.317861464,-0.16714889597896543,0.5304160354055425,0.36040199443405396,-1.5337500000000013,0.0442635584240445,0.3126172602042847,-2294.899999999994,97601.48,177.895202,1,0.13216913742416714,0.0397790751109679,0.2854891676785971,0.18996272531150704,0.06967623399387057,0.0,0,0.0,-0.08139037433155027,0.0,0.0
98254.14,2023-05-21,0.0,0.0,0.0,0.0,0.0,0.0,0.0,0.0,-17079.020000000004,0.2660197622337402,0.6210093457943924,6.778778535,7.893885648,0.05229999247071038,0.13525008896753632,0.317861464,-0.16714889597896543,0.5304160354055425,0.36040199443405396,-1.5337500000000013,0.0442635584240445,0.3126172602042847,2947.5599999999977,95306.58,177.895202,0,0.13216913742416714,0.0397790751109679,0.2854891676785971,0.18996272531150704,0.06967623399387057,0.0,0,0.0,-0.08139037433155027,0.0,0.0
102894.01,2023-05-28,0.0,0.0,0.0,0.0,0.0,0.0,0.0,0.0,5292.529999999999,0.2660197622337402,0.6210093457943924,6.778778535,7.893885648,0.05229999247071038,0.13525008896753632,0.317861464,0.42154009566254014,0.11712304625283831,0.36040199443405396,-1.5337500000000013,0.0442635584240445,0.3126172602042847,4639.869999999995,98254.14,177.895202,0,0.13216913742416714,0.0397790751109679,0.2854891676785971,0.18996272531150704,0.06967623399387057,0.0,0,0.0,-0.08139037433155027,0.0,0.0
98507.26,2023-06-04,0.0,0.0,0.0,0.0,0.0,0.0,0.0,0.0,3200.679999999993,0.2660197622337402,0.0442635584240445,6.551519746,6.461496992,0.13216913742416714,0.2710606615157911,-0.152769746,0.42154009566254014,0.11712304625283831,0.3126172602042847,-1.5337500000000013,0.0,0.13525008896753632,-4386.75,102894.01,177.1607799,0,0.18996272531150704,0.0,0.0,0.0,0.48424156780300454,0.0,0,0.0,0.0,0.0,0.0
88872.11,2023-06-11,0.0,0.0,0.0,0.0,0.0,0.0,0.0,0.0,-9382.029999999999,0.2424078333035129,-0.3137187444094287,6.551519746,6.461496992,0.2279996793464425,-0.08986567046697247,-0.152769746,0.017884103444159916,0.2116800372337404,-0.06010935101647452,-1.7658928571428607,-0.34280838390427415,-0.18711190593955618,-9635.149999999994,98507.26,177.1607799,0,0.29068510774047307,-0.0887600557641296,-0.31731741303340755,0.0846433088083487,0.41292266136572087,-0.025654773074551773,0,-0.1858598320109659,0.15135638607521384,0.007933686342585178,0.0
85773.08,2023-06-18,0.0,0.0,0.0,0.0,0.0,0.0,0.0,0.0,-17120.929999999993,0.2424078333035129,-0.3137187444094287,6.551519746,6.461496992,0.2279996793464425,-0.08986567046697247,-0.152769746,0.017884103444159916,0.2116800372337404,-0.06010935101647452,-1.7658928571428607,-0.34280838390427415,-0.18711190593955618,-3099.029999999999,88872.11,177.1607799,2,0.29068510774047307,-0.0887600557641296,-0.31731741303340755,0.0846433088083487,0.41292266136572087,-0.025654773074551773,0,-0.1858598320109659,0.15135638607521384,0.007933686342585178,0.0
105915.25,2023-06-25,0.0,0.0,0.0,0.0,0.0,0.0,0.0,0.0,7407.990000000005,0.2424078333035129,-0.3137187444094287,6.551519746,6.461496992,0.2279996793464425,-0.08986567046697247,-0.152769746,-0.025893417531238083,0.40556475536117054,-0.06010935101647452,-1.7658928571428607,-0.34280838390427415,-0.18711190593955618,20142.17,85773.08,177.1607799,1,0.29068510774047307,-0.0887600557641296,-0.31731741303340755,0.0846433088083487,0.41292266136572087,-0.025654773074551773,0,-0.1858598320109659,0.15135638607521384,0.007933686342585178,0.0
110868.36,2023-07-02,0.0,0.0,0.0,0.0,0.0,0.0,0.0,0.0,21996.25,0.2424078333035129,-0.3137187444094287,6.264337537,5.881601456,0.29068510774047307,-0.2839568109615984,0.391066277,-0.025893417531238083,0.40556475536117054,-0.18711190593955618,-1.7658928571428607,-0.34280838390427415,-0.08986567046697247,4953.110000000001,105915.25,175.5416678,0,0.0846433088083487,-0.0887600557641296,-0.31731741303340755,0.0846433088083487,0.042174626407675664,-0.025654773074551773,1,-0.1858598320109659,0.15135638607521384,0.007933686342585178,0.0
93142.26000000001,2023-07-09,0.0,0.0,0.0,0.0,0.0,0.0,0.0,0.0,7369.180000000008,0.2386049445012361,-0.3137187444094287,6.264337537,5.881601456,0.21842983899641055,-0.17202198017337422,0.391066277,0.12638294951970042,0.326878282164313,-0.06003787932865867,-1.7658928571428607,-0.34280838390427415,0.052410289601365845,-17726.09999999999,110868.36,175.5416678,0,0.023922693609962797,-0.015687978191345375,0.17557694823875347,-0.05598210462856856,-0.007564595589937828,0.0,0,0.0,0.15135638607521384,0.0,0.0
95998.3,2023-07-16,0.0,0.0,0.0,0.0,0.0,0.0,0.0,0.0,-9916.949999999997,0.2386049445012361,-0.3137187444094287,6.264337537,5.881601456,0.21842983899641055,-0.17202198017337422,0.391066277,0.12638294951970042,0.326878282164313,-0.06003787932865867,-1.7658928571428607,-0.34280838390427415,0.052410289601365845,2856.0399999999936,93142.26000000001,175.5416678,1,0.023922693609962797,-0.015687978191345375,0.17557694823875347,-0.05598210462856856,-0.007564595589937828,0.0,0,0.0,0.15135638607521384,0.0,0.0
121672.22,2023-07-23,0.0,0.0,0.0,0.0,0.0,0.0,0.0,0.0,10803.86,0.2386049445012361,-0.3137187444094287,6.264337537,5.881601456,0.21842983899641055,-0.17202198017337422,0.391066277,0.12638294951970042,0.326878282164313,-0.06003787932865867,-1.7658928571428607,-0.34280838390427415,0.052410289601365845,25673.92,95998.3,175.5416678,0,0.023922693609962797,-0.015687978191345375,0.17557694823875347,-0.05598210462856856,-0.007564595589937828,0.0,0,0.0,0.15135638607521384,0.0,0.0
100693.73000000001,2023-07-30,0.0,0.0,0.0,0.0,0.0,0.0,0.0,0.0,7551.470000000001,0.2386049445012361,-0.34280838390427415,6.264337537,5.881601456,0.023922693609962797,-0.17202198017337422,0.391066277,0.08681823989419457,0.07747384277635327,0.052410289601365845,-1.7658928571428607,-0.34280838390427415,-0.17202198017337422,-20978.48999999999,121672.22,175.5416678,0,0.023922693609962797,-0.015687978191345375,0.17557694823875347,-0.05598210462856856,-0.036745812778187115,0.0,2,0.0,0.15135638607521384,0.0,0.0
91596.08,2023-08-06,0.0,0.0,0.0,0.0,0.0,0.0,0.0,0.0,-4402.220000000001,0.2386049445012361,-0.34280838390427415,6.637680466,5.576147203,0.023922693609962797,0.15632413309949245,0.376132603,0.08681823989419457,0.07747384277635327,0.052410289601365845,-1.7658928571428607,0.0,-0.17202198017337422,-9097.650000000009,100693.73000000001,178.3387237,0,-0.05598210462856856,0.0,0.0,0.0,-0.036745812778187115,0.0,0,0.0,0.0,0.0,0.0
97050.99,2023-08-13,0.0,0.0,0.0,0.0,0.0,0.0,0.0,0.0,-24621.229999999996,0.2106165203337126,0.3744753470780873,6.637680466,5.576147203,0.055376106091356014,0.3646198521778168,0.376132603,0.2825934384792108,0.11057226849370161,0.24198737422931638,-3.8400000000000016,1.0914377381191098,-0.022873249221483927,5454.9100000000035,91596.08,178.3387237,0,-0.026983251064487845,-0.11730026896981804,0.16726085452624262,0.030718542208006516,-0.11359624672298119,-0.2858636438672755,0,0.11248668607105694,1.1745373647487072,-0.29974404064844673,0.0
100517.58,2023-08-20,0.0,0.0,0.0,0.0,0.0,0.0,0.0,0.0,-176.15000000000873,0.2106165203337126,0.3744753470780873,6.637680466,5.576147203,0.055376106091356014,0.3646198521778168,0.376132603,0.2825934384792108,0.11057226849370161,0.24198737422931638,-3.8400000000000016,1.0914377381191098,-0.022873249221483927,3466.5899999999965,97050.99,178.3387237,1,-0.026983251064487845,-0.11730026896981804,0.16726085452624262,0.030718542208006516,-0.11359624672298119,-0.2858636438672755,0,0.11248668607105694,1.1745373647487072,-0.29974404064844673,0.0
110792.20999999999,2023-08-27,0.0,0.0,0.0,0.0,0.0,0.0,0.0,0.0,19196.12999999999,0.2106165203337126,0.3744753470780873,6.637680466,5.576147203,0.055376106091356014,0.3646198521778168,0.376132603,0.10928323075387003,0.19486425569152677,-0.022873249221483927,-3.8400000000000016,1.0914377381191098,-0.022873249221483927,10274.62999999999,100517.58,178.3387237,0,-0.026983251064487845,-0.11730026896981804,0.16726085452624262,0.030718542208006516,-0.16580758844605692,-0.2858636438672755,0,0.11248668607105694,1.1745373647487072,-0.29974404064844673,0.0
93965.82,2023-09-03,0.0,0.0,0.0,0.0,0.0,0.0,0.0,0.0,-3085.1699999999983,0.2106165203337126,0.3744753470780873,6.731352636,5.044545948,-0.026983251064487845,0.18013609948621734,0.016402633,0.10928323075387003,0.19486425569152677,-0.022873249221483927,-3.8400000000000016,1.0914377381191098,0.3646198521778168,-16826.389999999985,110792.20999999999,180.0920908,0,0.030718542208006516,-0.11730026896981804,0.16726085452624262,0.030718542208006516,-0.16580758844605692,-0.2858636438672755,1,0.11248668607105694,1.1745373647487072,-0.29974404064844673,0.0
84798.62,2023-09-10,0.0,0.0,0.0,0.0,0.0,0.0,0.0,0.0,-15718.960000000006,0.24946201296040554,0.3744753470780873,6.731352636,5.044545948,0.17250065901236922,0.06477548030274938,0.016402633,0.0008486185042182459,0.43983043330068194,-0.11838930625898525,-3.8400000000000016,1.0914377381191098,0.23122558420667239,-9167.200000000012,93965.82,180.0920908,1,0.24203223769506987,0.1844370639356494,-0.08212169343641396,0.20501590573347706,-0.008841129430575134,0.0,0,0.0,1.1745373647487072,0.0,0.0
84315.97,2023-09-17,0.0,0.0,0.0,0.0,0.0,0.0,0.0,0.0,-26476.23999999999,0.24946201296040554,0.3744753470780873,6.731352636,5.044545948,0.17250065901236922,0.06477548030274938,0.016402633,0.0008486185042182459,0.43983043330068194,-0.11838930625898525,-3.8400000000000016,1.0914377381191098,0.23122558420667239,-482.6499999999942,84798.62,180.0920908,0,0.24203223769506987,0.1844370639356494,-0.08212169343641396,0.20501590573347706,-0.008841129430575134,0.0,0,0.0,1.1745373647487072,0.0,0.0
104010.58,2023-09-24,0.0,0.0,0.0,0.0,0.0,0.0,0.0,0.0,10044.759999999995,0.24946201296040554,0.3744753470780873,6.731352636,5.044545948,0.17250065901236922,0.06477548030274938,0.016402633,0.12058067158584973,0.5133291394031556,-0.11838930625898525,-3.8400000000000016,1.0914377381191098,0.23122558420667239,19694.61,84315.97,180.0920908,0,0.24203223769506987,0.1844370639356494,-0.08212169343641396,0.20501590573347706,-0.008841129430575134,0.0,0,0.0,1.1745373647487072,0.0,0.0
114794.04,2023-10-01,0.0,0.0,0.0,0.0,0.0,0.0,0.0,0.0,29995.42,0.24946201296040554,1.0914377381191098,6.555003396,4.343081323,0.24203223769506987,0.06477548030274938,-0.322447443,0.12058067158584973,0.5133291394031556,0.23122558420667239,-3.8400000000000016,1.0914377381191098,0.06477548030274938,10783.459999999992,104010.58,181.5805438,0,0.24203223769506987,0.1844370639356494,-0.08212169343641396,0.20501590573347706,0.041188761580088995,0.0,0,0.0,1.1745373647487072,0.0,0.0
92978.59999999999,2023-10-08,0.0,0.0,45746.36771,0.0,18152.053350000002,0.0,0.0,0.0,8662.62999999999,0.25274845333272083,0.7486665329857625,6.555003396,4.343081323,0.0755571850791319,-0.20586407714187616,-0.322447443,-0.013693210388263988,0.31049096784739927,0.08369364565974702,-2.1992857142857147,-0.16389261744966466,-0.06281152953632618,-21815.440000000002,114794.04,181.5805438,0,0.043502315166536354,0.013174111494229424,-0.12225811126113317,-0.13403440551984214,0.006213765546016159,0.0021574973031284195,1,0.9798405674427,-0.42726934523809534,-0.13396808290503748,0.0
84986.87,2023-10-15,0.0,0.0,72514.81081,0.0,21328.66268,0.0,0.0,0.0,-19023.710000000006,0.25274845333272083,0.7486665329857625,6.555003396,4.343081323,0.0755571850791319,-0.20586407714187616,-0.322447443,-0.013693210388263988,0.31049096784739927,0.08369364565974702,-2.1992857142857147,-0.16389261744966466,-0.06281152953632618,-7991.729999999996,92978.59999999999,181.5805438,0,0.043502315166536354,0.013174111494229424,-0.12225811126113317,-0.13403440551984214,0.006213765546016159,0.0021574973031284195,0,0.9798405674427,-0.42726934523809534,-0.13396808290503748,0.0
105517.52,2023-10-22,0.0,0.0,60071.29233,0.0,20874.86134,0.0,0.0,0.0,-9276.51999999999,0.25274845333272083,0.7486665329857625,6.555003396,4.343081323,0.0755571850791319,-0.20586407714187616,-0.322447443,-0.2240285460211432,0.10128741007777409,0.08369364565974702,-2.1992857142857147,-0.16389261744966466,-0.06281152953632618,20530.65000000001,84986.87,181.5805438,0,0.043502315166536354,0.013174111494229424,-0.12225811126113317,-0.13403440551984214,0.006213765546016159,0.0021574973031284195,0,0.9798405674427,-0.42726934523809534,-0.13396808290503748,0.0
91528.03,2023-10-29,0.0,0.0,57581.41539,0.0,19059.65598,0.0,0.0,0.0,-1450.5699999999924,0.25274845333272083,0.7486665329857625,6.555003396,4.343081323,0.0755571850791319,-0.20586407714187616,-0.322447443,-0.2240285460211432,0.10128741007777409,-0.06281152953632618,-2.1992857142857147,-0.16389261744966466,-0.06281152953632618,-13989.490000000005,105517.52,181.5805438,0,0.043502315166536354,0.013174111494229424,-0.12225811126113317,-0.13403440551984214,0.05664353622847007,0.0021574973031284195,0,0.9798405674427,-0.42726934523809534,-0.13396808290503748,0.0
99751.34,2023-11-05,0.0,0.0,12450.66659,91557.85774,19059.65598,0.0,0.0,0.0,14764.470000000001,0.25274845333272083,0.7486665329857625,6.56189299,3.636475122,0.043502315166536354,-0.11982527039672108,-0.163060842,-0.2240285460211432,0.10128741007777409,-0.06281152953632618,-2.1992857142857147,-0.16389261744966466,-0.20586407714187616,8223.309999999998,91528.03,181.157269,1,-0.13403440551984214,0.0,0.0,0.0,0.05664353622847007,0.0,1,0.0,-0.42726934523809534,0.0,0.0
103585.05,2023-11-12,0.0,0.0,49658.5037,0.0,19059.65598,20746.079999999998,16311.36,0.0,-1932.4700000000012,0.15630568818860144,0.7486665329857625,6.56189299,3.636475122,-0.004752977987332763,-0.060814713214537464,-0.163060842,-0.17200420776571446,0.05035992669074685,2.146483026632673e-05,-2.1992857142857147,-0.16389261744966466,-0.15262191770454747,3833.7100000000064,99751.34,181.157269,0,-0.17407976336472186,-0.38157608433378254,0.03866672410623484,-0.04624358993028943,-0.30029614923718984,0.0,0,0.0,-0.42726934523809534,0.0,0.0
103940.32999999999,2023-11-19,0.0,0.0,42734.1327,0.0,19059.65598,20746.079999999998,16311.36,0.0,12412.299999999988,0.15630568818860144,0.7486665329857625,6.56189299,3.636475122,-0.004752977987332763,-0.060814713214537464,-0.163060842,-0.17200420776571446,0.05035992669074685,2.146483026632673e-05,-2.1992857142857147,-0.16389261744966466,-0.15262191770454747,355.2799999999843,103585.05,181.157269,0,-0.17407976336472186,-0.38157608433378254,0.03866672410623484,-0.04624358993028943,-0.30029614923718984,0.0,0,0.0,-0.42726934523809534,0.0,0.0
114785.37000000001,2023-11-26,0.0,0.0,28810.467080000002,0.0,19059.65598,20746.079999999998,16311.36,0.0,15034.030000000013,0.15630568818860144,0.7486665329857625,6.56189299,3.636475122,-0.004752977987332763,-0.060814713214537464,-0.163060842,0.15634895340074229,-0.03160797825348449,2.146483026632673e-05,-2.1992857142857147,-0.16389261744966466,-0.15262191770454747,10845.040000000023,103940.32999999999,181.157269,0,-0.17407976336472186,-0.38157608433378254,0.03866672410623484,-0.04624358993028943,-0.30029614923718984,0.0,0,0.0,-0.42726934523809534,0.0,0.0
112719.6,2023-12-03,35788.8,11927.3,27091.87384,18603.36489,0.0,20746.079999999998,16311.36,0.0,9134.550000000003,0.15630568818860144,-0.16389261744966466,6.384513858,3.237382564,-0.17407976336472186,0.06704413930263753,0.405777961,0.15634895340074229,-0.03160797825348449,-0.15262191770454747,-2.1992857142857147,0.0,-0.060814713214537464,-2065.770000000004,114785.37000000001,196.1039134,0,-0.04624358993028943,-0.38157608433378254,0.03866672410623484,-0.04624358993028943,-0.2396324343497367,0.0,0,0.0,0.0,0.0,0.0
101145.41,2023-12-10,0.0,0.0,0.0,0.0,0.0,0.0,5437.12,0.0,-2794.9199999999837,0.2773481185518222,-0.20419463087248324,6.384513858,3.237382564,-0.05878858171703205,0.35864162740617966,0.405777961,0.47235129834889444,0.1035710082067467,0.07894612261366984,-2.0024999999999977,-0.04820195858083132,0.1958420270299932,-11574.190000000002,112719.6,196.1039134,0,0.08689239420416062,0.7743955563355354,0.256987344710808,0.13959118148911753,0.24315772264723945,-0.048170075349838304,1,0.12015545491644031,-0.08947710295550626,-0.06901968322312757,0.0
114198.22,2023-12-17,0.0,0.0,0.0,0.0,0.0,0.0,16311.36,0.0,-587.1500000000087,0.2773481185518222,-0.20419463087248324,6.384513858,3.237382564,-0.05878858171703205,0.35864162740617966,0.405777961,0.47235129834889444,0.1035710082067467,0.07894612261366984,-2.0024999999999977,-0.04820195858083132,0.1958420270299932,13052.809999999998,101145.41,196.1039134,0,0.08689239420416062,0.7743955563355354,0.256987344710808,0.13959118148911753,0.24315772264723945,-0.048170075349838304,0,0.12015545491644031,-0.08947710295550626,-0.06901968322312757,0.0
108783.68,2023-12-24,0.0,0.0,0.0,0.0,0.0,0.0,0.0,0.0,-3935.920000000013,0.2773481185518222,-0.20419463087248324,6.384513858,3.237382564,-0.05878858171703205,0.35864162740617966,0.405777961,0.2733032686970742,0.1690149239941452,0.07894612261366984,-2.0024999999999977,-0.04820195858083132,0.1958420270299932,-5414.540000000008,114198.22,196.1039134,1,0.08689239420416062,0.7743955563355354,0.256987344710808,0.13959118148911753,0.24315772264723945,-0.048170075349838304,0,0.12015545491644031,-0.08947710295550626,-0.06901968322312757,0.0
105474.34999999999,2023-12-31,0.0,0.0,0.0,0.0,0.0,0.0,0.0,0.0,4328.939999999988,0.2773481185518222,-0.20419463087248324,6.384513858,3.237382564,0.08689239420416062,0.35864162740617966,0.405777961,0.2733032686970742,0.1690149239941452,0.1958420270299932,-2.0024999999999977,-0.04820195858083132,0.35864162740617966,-3309.3300000000017,108783.68,196.1039134,0,0.08689239420416062,0.7743955563355354,0.256987344710808,0.13959118148911753,0.04628306257424586,-0.048170075349838304,1,0.12015545491644031,-0.08947710295550626,-0.06901968322312757,0.0
100971.91,2024-01-07,0.0,0.0,0.0,0.0,0.0,0.0,0.0,0.0,-13226.309999999998,0.3147528841497677,-0.20419463087248324,7.2,3.023921748,0.1516845788364236,0.14593248192426356,0.019211327,0.14595707917048473,0.2387026237123493,0.0762429266728164,-2.0024999999999977,-0.04820195858083132,0.2227605388738112,-4502.439999999988,105474.34999999999,166.4624805,1,0.20752486345255217,0.13486576290207108,-0.09435397905442,0.05961232682992956,0.18517939998688693,0.0,1,0.0,-0.08947710295550626,0.0,0.0
122827.69,2024-01-14,0.0,0.0,0.0,0.0,0.0,0.0,0.0,0.0,14044.01000000001,0.3147528841497677,-0.20419463087248324,7.2,3.023921748,0.1516845788364236,0.14593248192426356,0.019211327,0.14595707917048473,0.2387026237123493,0.0762429266728164,-2.0024999999999977,-0.04820195858083132,0.2227605388738112,21855.78,100971.91,166.4624805,0,0.20752486345255217,0.13486576290207108,-0.09435397905442,0.05961232682992956,0.18517939998688693,0.0,0,0.0,-0.08947710295550626,0.0,0.0
143242.12,2024-01-21,2249.93,1770.8,0.0,0.0,0.0,0.0,0.0,0.0,37767.770000000004,0.3147528841497677,-0.20419463087248324,7.2,3.023921748,0.1516845788364236,0.14593248192426356,0.019211327,0.14595707917048473,0.2387026237123493,0.0762429266728164,-2.0024999999999977,-0.04820195858083132,0.2227605388738112,20414.429999999993,122827.69,166.4624805,1,0.20752486345255217,0.13486576290207108,-0.09435397905442,0.05961232682992956,0.18517939998688693,0.0,0,0.0,-0.08947710295550626,0.0,0.0
142014.34,2024-01-28,0.0,0.0,0.0,0.0,0.0,0.0,0.0,0.0,41042.42999999999,0.3147528841497677,-0.04820195858083132,7.2,3.023921748,0.1516845788364236,0.14593248192426356,0.019211327,-0.028961931026949217,0.20178552435740515,0.2227605388738112,-2.0024999999999977,-0.04820195858083132,0.2227605388738112,-1227.7799999999988,143242.12,166.4624805,0,0.20752486345255217,0.13486576290207108,-0.09435397905442,0.05961232682992956,0.22637506459967716,0.0,0,0.0,-0.08947710295550626,0.0,0.0
124962.18,2024-02-04,0.0,0.0,5521.25,0.0,0.0,0.0,0.0,0.0,2134.4899999999907,0.3147528841497677,-0.04820195858083132,7.294363891,3.29406696,0.20752486345255217,-0.10001245787808144,0.557510801,-0.028961931026949217,0.20178552435740515,0.2227605388738112,-2.0024999999999977,0.0,0.14593248192426356,-17052.160000000003,142014.34,166.9949048,0,0.05961232682992956,0.0,0.0,0.0,0.22637506459967716,0.0,0,0.0,0.0,0.0,0.0
114374.84,2024-02-11,0.0,0.0,34127.25,9912.03235,21918.54,0.0,0.0,0.0,-28867.28,0.32098124745362977,-0.1341306790817145,7.294363891,3.29406696,0.03464477660868859,-0.24967896206583862,0.557510801,-0.19044402540547245,0.029727132760758668,0.019417396055962932,-2.5174999999999983,-0.09028041324056524,-0.044634276589346156,-10587.339999999997,124962.18,166.9949048,0,-0.09209127499854308,0.01978810558221422,-0.16087050766067668,-0.14316896659963207,0.20214298248010776,0.05155027801338208,0,0.16505861702768354,0.2571785268414488,0.0716219268010847,0.0
108254.12,2024-02-18,0.0,0.0,36985.68,0.0,21918.54,0.0,0.0,0.0,-33760.22,0.32098124745362977,-0.1341306790817145,7.294363891,3.29406696,0.03464477660868859,-0.24967896206583862,0.557510801,-0.19044402540547245,0.029727132760758668,0.019417396055962932,-2.5174999999999983,-0.09028041324056524,-0.044634276589346156,-6120.720000000001,114374.84,166.9949048,0,-0.09209127499854308,0.01978810558221422,-0.16087050766067668,-0.14316896659963207,0.20214298248010776,0.05155027801338208,0,0.16505861702768354,0.2571785268414488,0.0716219268010847,0.0
112091.86,2024-02-25,0.0,0.0,19504.45,0.0,21918.54,0.0,0.0,0.0,-12870.319999999992,0.32098124745362977,-0.1341306790817145,7.294363891,3.29406696,0.03464477660868859,-0.24967896206583862,0.557510801,-0.10273456907356415,-0.14546594126989754,0.019417396055962932,-2.5174999999999983,-0.09028041324056524,-0.044634276589346156,3837.7400000000052,108254.12,166.9949048,0,-0.09209127499854308,0.01978810558221422,-0.16087050766067668,-0.14316896659963207,0.20214298248010776,0.05155027801338208,0,0.16505861702768354,0.2571785268414488,0.0716219268010847,0.0
82291.98,2024-03-03,0.0,0.0,0.0,0.0,14612.36,0.0,0.0,0.0,-32082.86,0.32098124745362977,-0.1341306790817145,7.294363891,3.29406696,-0.09209127499854308,-0.16629841768129983,0.557510801,-0.10273456907356415,-0.14546594126989754,-0.044634276589346156,-2.5174999999999983,-0.09028041324056524,-0.24967896206583862,-29799.880000000005,112091.86,166.9949048,0,-0.14316896659963207,0.01978810558221422,-0.16087050766067668,-0.14316896659963207,0.8153917699255497,0.05155027801338208,0,0.16505861702768354,0.2571785268414488,0.0716219268010847,0.0
